Cluster,MMR_Keywords
0,"hood, certifi, yup, bites, want, classic, good, nope, ye, yeah"
1,"buddi, happen, tomt, eric, caesar, littl, karl, joe, biden, isaac"
4,"buck, creativ, sea, laughabl, friend, expens, bankrupt, mani, hair, worth"
5,"game, anythink, vibe, monument, like, littl, grandper, thank, abandon, truli"
8,"replay, minut, say, stomach, hour, complet, start, handl, didnt, gunplay"
9,"pack, everi, bundl, custom, placehold, dress, bdsm, like, buyabl, grenad"
10,"bundl, like, pvp, unnecessari, robe, map, otherwis, challeng, realli, bought"
11,"bundl, fish, like, offshor, restart, useless, alreadi, buyabl, play, togeth"
12,"diablo, satisfi, simplest, alot, successor, enjoy, dual, instanc, depth, build"
13,"creed, swap, shouldnt, manner, upgrad, legendari, skeptic, basic, florenc, subplot"
14,"game, glock, sad, hangov, cowboy, carton, better, csgo, miss, im"
15,"zombi, like, ufc, activ, stay, flaw, famili, multiplay, everyon, custom"
16,"batman, satisfi, enjoy, subplot, openworld, like, oppos, invest, enemi, basic"
17,"excel, entertain, innov, threshold, acrobat, complet, true, vietnam, seri, rampingup"
18,"falloutvers, metafict, motiv, rate, heavili, limitless, dialogu, libertarian, samurai, differ"
19,"gta, opinion, nutshel, hong, yknow, stori, hybrid, sleep, tho, dog"
20,"flame, privat, enjoy, tough, twin, permiss, sit, patch, ngl, matrix"
21,"halflif, life, multiplay, remind, discourag, complet, actual, littl, insuffer, expand"
22,"deck, microwav, analayz, like, requir, bummer, invest, underpr, cyberpunk, everi"
23,"deck, abilitiesunitsbuild, cancelconfirm, true, fullscreen, readi, autopilot, rival, threshold, basic"
24,"playstyl, enabledis, tribal, paradox, suggest, like, winrar, sleev, groundbreak, minimap"
25,"simul, slumlord, flight, play, wickth, presid, collaps, godzilla, sydney, liter"
26,"gamemod, buggi, orc, stay, stori, recent, clunki, ill, map, offici"
27,"casual, delight, bug, fli, look, obama, game, mayb, banger, commun"
28,"pretti, manipul, refund, dull, heheh, everyth, jump, narrat, crosshair, element"
29,"tabl, upgrad, unless, submit, pinbal, boredom, layout, jedi, mostli, distinct"
30,"doom, basic, inaccur, justifi, rememb, like, podcast, veteran, shotgun, worst"
31,"vampir, bland, tunnel, trigger, survivorslik, testament, sure, goodreplay, tetris, major"
32,"boardgam, clunki, realism, know, remast, entertain, pipe, qualiti, gloomhaven, els"
33,"digit, worlf, rulebook, scenari, play, ui, boardcard, sure, adaptaton, everybodi"
34,"payn, true, diablo, ujibfdiyugvbdyuhgvf, worth, maxpayn, peopl, quit, comput, rock"
35,"gameplay, aesthet, framegener, bother, benchmark, reminisc, offer, technic, lotr, say"
36,"rockstar, bdsm, card, dumbest, awesom, fall, bland, remak, play, atmospher"
37,"hate, wuxia, busta, tax, stand, game, bah, everyth, divin, gon"
38,"roguelikelit, base, true, grindi, soon, wrap, deck, hybrid, tactic, unlik"
39,"roguelik, deckbuild, upgrad, attract, break, sot, offer, quasimorph, mindless, immens"
40,"psycholog, fair, rtx, jumpscar, sorri, guard, rpg, enjoy, ultracop, subermass"
41,"horribl, implement, refund, chang, keyboard, youll, watermelon, differ, minut, interfac"
42,"simpl, knowwhat, ui, tire, believ, dimension, tactic, enjoy, isi, awkward"
43,"game, surviv, everi, multipl, decentish, stay, didnt, environ, like, vampir"
44,"addict, resourc, youll, year, wonder, dri, fail, littl, monetari, spend"
45,"gay, millisecond, dull, overst, concept, enjoy, pelt, timeless, chartin, dude"
46,"rpg, cautionari, everyth, bread, depress, didnt, remak, like, overload, cancer"
47,"fun, inexpens, ludicr, ton, meet, ye, special, world, price, alot"
48,"addict, cent, entertain, extrem, kinda, recommend, start, hour, everyon, td"
49,"game, favourit, fromsoft, inde, aggrav, folk, best, hotlin, rt, hollow"
50,"game, weirdest, badass, scroll, salim, complet, fpsrpg, indi, ye, greatest"
51,"realli, twinstick, say, btec, peopl, nerv, steampunk, addict, expand, lag"
52,"atmospher, play, redempt, bald, deadass, tens, depress, peopl, undersea, hd"
53,"rpg, alreadi, overcomplex, didnt, pregger, nirvana, equip, unless, innov, sit"
54,"clown, bless, overwatch, getoutofmyheadgetoutofmyheadgetoutofmyheadgetoutofmyheadgetoutofmyhead, base, easier, play, havent, ohio, twa"
55,"bore, supercool, didnt, easi, play, offer, douch, stupid, grindi, asf"
56,"dcg, lick, unpolish, proudest, like, life, got, ape, wast, chill"
57,"soul, ok, prescenc, everi, near, morgott, jetpack, play, cleanser, raindeer"
58,"ubisoft, everyth, boycott, patch, requir, multiplay, suggest, rockstar, unecessari, refund"
59,"pay, extrem, chines, certifi, swim, hawken, social, sensit, intern, slider"
60,"deck, requir, easi, like, excel, modern, predetermin, defenseesqu, playabl, localthunk"
61,"deck, requir, easi, know, chararact, pathway, settl, earn, excel, resourcemanag"
62,"underground, annoy, divorc, testicl, havent, freeman, necess, biolog, baddest, relax"
63,"dungeon, prick, base, break, delight, like, nft, piec, play, ui"
64,"realli, rate, gameplaywis, metro, know, jumpscar, excel, logist, start, easi"
65,"music, wouldnt, ubisoft, templat, monologu, similiar, checkpoint, everi, warsaw, gamewis"
66,"gameplay, remind, gladiat, ambienc, chang, sens, underr, dialogu, traffick, encourag"
67,"tediou, entertain, didnt, atmospher, qunari, anymor, polish, risk, purest, sunday"
68,"gta, terribl, enjoy, challeng, modern, unchart, like, fantast, multiplay, highli"
69,"playabl, preteen, sir, beautifuluniquefunrelax, expens, half, isnt, dogtown, gloriou, say"
70,"duck, societi, videogam, havent, peopl, lolwat, anymor, play, anger, hexcel"
71,"scam, anymor, flag, play, automat, readi, wouldnt, fsr, ratio, payday"
72,"tux, legend, dish, cluncki, cqc, battl, dont, year, radioact, wolf"
73,"peopl, bewar, uxui, liter, realism, didnt, playground, cook, serv, annoy"
74,"battlerit, sad, babi, play, hive, hour, cartman, innov, multi, leagu"
75,"crunchi, humor, servic, youll, ectoplasm, unstabl, command, borderland, wick, calori"
76,"play, realli, lock, lortespil, kinda, linear, cnt, fetch, nxt, journey"
77,"gameplaywis, invest, bother, ct, anybodi, fairli, rate, realist, say, excel"
78,"playabl, wouldnt, definetley, euro, intend, like, purchas, annoy, mmo, stay"
79,"gta, humbl, expens, pointless, payday, come, zombi, ea, tempt, purchas"
80,"shooterstealth, linear, mostli, alot, prompt, exfiltr, uninterest, lore, upgrad, likeabl"
81,"frog, wont, play, everi, masterpiec, detect, littl, crazi, miami, crack"
82,"earli, choos, roguelit, excel, half, havent, resurrect, froggi, strengthen, guitar"
83,"cyberpunk, astonish, excel, hike, bethesda, honest, releas, stress, everi, keyboard"
84,"dungeon, autofollow, definetli, placat, fatiguehungerthirst, crashdisconnect, entertain, democracyauthoritarianismtotalitarian, microtransact, renew"
85,"gta, base, besid, honestli, say, upgrad, handdrawn, servic, rare, singleplay"
86,"coop, glad, experi, express, hour, couch, anyon, humor, addict, coupl"
87,"play, german, satisfi, crazi, didnt, list, destruct, granbi, micro, hehe"
88,"gamebreak, properli, expans, excel, honest, comput, orwel, mbitss, saveload, skip"
89,"gameplay, essenti, youll, everybodi, dialogu, rememb, bind, censor, tho, glitech"
90,"stori, doesnt, gibson, gameplay, instakil, remast, clementin, bland, run, everyth"
91,"littl, reflex, game, neat, metroidvania, astro, goofi, fr, bruh, gud"
92,"hacker, obligatori, refund, fact, manag, anymor, react, start, nexu, wouldnt"
93,"gamepad, releas, exportimport, favourit, spawn, inabl, view, fraction, sorri, phonetablettactil"
94,"rpg, didnt, jurass, linuxproton, underwhelm, everi, disconnect, microtransact, display, fact"
95,"roguelik, react, worthless, modernwarfar, sit, wasnt, ea, dialogu, headglitch, content"
96,"mechan, peopl, stamina, reset, sequenc, suggest, roguelit, youd, properli, like"
97,"beta, deckmenu, tooltip, rippoff, phasmophobia, like, everi, play, cooper, list"
98,"gameplay, essenc, stalwart, carddeck, sure, excel, havent, revisit, everincreas, minmax"
99,"gameplaywis, excel, capabl, skip, pathet, yield, gladli, keyboard, exist, entri"
100,"keybind, run, technic, pad, pergam, tutori, gameplay, menu, isnt, stutter"
101,"gameplay, becom, glad, passiv, tarnish, empir, mwhahahahah, catalogu, everyth, elizabeth"
102,"rpg, alreadi, didnt, lack, improv, earlyish, render, dialogu, anymor, ambianc"
103,"gameplay, glad, citi, evenicl, wont, rememb, intimid, motherfck, mindless, overcrowd"
104,"clearli, break, steamdeck, requir, concept, upgrad, beta, strategi, like, ui"
105,"strategi, charm, guid, humbl, builderpuzzl, endless, battl, garbag, artilleri, comprehens"
106,"odin, upgradedirect, strateg, tooltip, resolidifi, militari, sure, swayingswingingdestruct, autopilot, basic"
107,"lovecraft, varieti, like, multipl, session, casual, gunspetrolmatchstick, groundbreak, cook, push"
108,"rpg, necessari, didnt, limit, automap, humbl, honest, upgrad, pace, dress"
109,"rpg, necessari, lmfao, speedbump, everyon, downgrad, perform, walk, stealthbackstab, dialogu"
110,"combat, suppli, havent, offer, artstyl, seemd, react, everyon, throw, tweak"
111,"gameplay, slidingontheoppsinspaceforcingthemtocreatemymegaspaceship, essenti, wellthey, definetley, battl, insomniac, refund, easi, list"
112,"gameplay, glad, becom, nonogram, paus, redeploy, ahahahahhahahaha, properli, elabor, spend"
113,"skinnerbox, cycl, grind, cursor, construct, shouldnt, varieti, overland, everyth, enjoy"
114,"play, realli, everyth, dull, isnt, minut, gimmick, tediou, formula, dragslay"
115,"puzzl, minimalist, combat, legit, grand, wouldv, expect, eleg, srpg, isnt"
116,"gameplay, amazingli, havent, curs, futur, everyth, sarcast, sexism, lite, ye"
117,"gameplay, aesthet, ok, pveextract, suggest, microtransact, confus, chines, half, bundl"
118,"mmo, hundr, ruin, practic, arpg, heyday, enjoy, excel, charact, travel"
119,"play, mechan, arent, everyth, crave, experi, divisiontyp, moba, highland, horribl"
120,"rpg, calori, cutscen, stupidest, enjoy, slog, everi, introduct, spectrum, spend"
121,"grind, easi, blightstorm, arent, seamstress, upgrad, challeng, technic, anymor, display"
122,"rpg, icariu, softlock, congratul, rememb, sure, lack, versionwel, anymor, linear"
123,"dungeon, realist, easi, skip, excel, happen, chines, ping, playabl, base"
124,"music, didnt, ubisoft, dialogu, sniper, overpr, excel, countless, laughabl, expens"
125,"puzzl, easi, entertain, necessarili, normal, didnt, prospect, multipl, clock, hardcor"
126,"faction, fantasi, rockpaperscissorsapproach, like, cyberpunk, dozen, underwhelm, write, determinist, strongest"
127,"realli, huniepop, like, gamebreak, challeng, remind, children, briefcas, dialogu, physic"
128,"rpg, autocomplet, qualiti, say, confid, upgrad, enjoy, base, sit, multitaskingfriendli"
129,"gameplay, coolest, poorli, wast, templar, documentari, structur, upgrad, limit, deadspac"
130,"rpg, sanctu, polishingbut, didnt, improv, trine, stamina, loadout, react, half"
131,"combat, privat, didnt, likeabl, keybind, vocabulari, nocheckpoint, multitask, satisfi, becam"
132,"casual, strategi, salem, quit, easi, enjoy, chines, half, concept, like"
133,"gameplay, everspac, dont, challeng, servic, increasingli, scanner, technic, cost, simpl"
134,"unlock, sluggish, waypoint, rememb, know, wander, programhardwar, purchas, ocd, premis"
135,"dungeon, tip, simul, concept, break, involv, upgrad, slashapproach, thankyou, alot"
136,"playtim, filter, definetley, workerplac, strengthen, eh, pathet, conquistador, addict, suggest"
137,"rpg, barebon, refus, stupidlysimpl, alot, vsync, enjoy, say, sinc, loadout"
138,"mobi, definet, strateg, trilog, excel, environ, constantli, actual, polish, tire"
139,"gameplay, workplac, upgrad, ok, unnecessari, chequebook, dungelot, maintain, infrastructur, array"
140,"gatheringcraft, penalti, like, exit, realli, capabl, disclaim, textur, unlock, sequenc"
141,"gameplay, goti, androidiphon, whisker, rtard, linear, everyth, deceivingli, spend, amaz"
142,"rpg, mercenari, havent, sooner, likeabl, cheer, inquisitorscolonistscapitalist, express, fact, racingderbi"
143,"rpg, essenti, honestbut, sequenc, settingsurround, wideopen, lack, minesweeperesqu, recomend, hardcor"
144,"rpg, consciou, upgradeslevel, splashscreen, likeabl, fact, slog, optimum, didnt, crew"
145,"rpg, necessari, showcas, keybind, principl, say, optimis, everi, enjoy, fappabl"
146,"rpg, pausableslowmo, didnt, mous, fact, becam, raceclass, standard, deckbuild, sequenc"
147,"rpg, necessari, say, structur, prologu, managementownership, victorianedwardian, enjoy, heartwarmingbreak, basic"
148,"gameplay, essenti, berserk, youd, pebbl, sequenc, havent, excel, offer, bland"
