cluster,keywords
0.0,"['game', 'bullettime', 'alan', 'wake', 'maxs']"
1.0,"['vr', 'immense', 'set', 'alyx', 'gorn']"
2.0,"['pc', 'wolf', 'excellent', 'worlf', 'lag']"
3.0,"['ezios', 'parkour', 'since', 'series', 'slog']"
4.0,"['ezios', 'mature', 'series', 'naval', 'entry']"
5.0,"['life', 'revamp', 'ahhh', 'half', 'gaben']"
6.0,"['city', 'jimmy', 'online', 'series', 'gta']"
7.0,"['goal', 'flipper', 'fx', 'table', 'membership']"
8.0,"['diablo', 'yearning', 'underneath', 'sfxs', 'cheer']"
9.0,"['en', 'opinion', 'youravaragezombieshooter', 'zombies', 'genitalia']"
10.0,"['spell', 'survivor', 'upgrade', 'masquerade', 'shrine']"
11.0,"['venezuela', 'sigma', 'simulator', 'bowling', 'citation']"
12.0,"['item', 'frontier', 'humble', 'map', 'pvp']"
13.0,"['de', 'jeu', 'vous', 'un', 'que']"
14.0,"['como', 'um', 'com', 'pra', 'tem']"
15.0,"['bu', 'iyi', 'oyunun', 'var', 'han']"
16.0,"['steam', 'muh', 'starship', 'experince', 'run']"
17.0,"['sale', 'debatable', 'bff', 'almost', 'penny']"
18.0,"['update', 'defensive', 'headshot', 'shatter', 'everyone']"
19.0,"['free', 'story', 'tropico', 'season', 'main']"
20.0,"['goooooooooooooooooooooooooooooood', 'supa', 'please', 'unjureihojkigfjsdzhuuuguruuuuuuuuufuuueuuuuuasuukuuuul', 'geyyyyyyy']"
21.0,"['issue', 'hardcore', 'anywhere', 'coop', 'buddy']"
22.0,"['coop', 'veriverifun', 'sack', 'experience', 'toolsweapon']"
23.0,"['game', 'vat', 'vanilla', 'tomb', 'addon']"
24.0,"['meta', 'golem', 'earn', 'card', 'documentation']"
25.0,"['task', 'average', 'terrarium', 'boiiiiii', 'earrape']"
26.0,"['doom', 'average', 'voxophone', 'story', 'kiwami']"
27.0,"['mommy', 'please', 'voyeur', 'shower', 'shodan']"
28.0,"['horror', 'mechanicstutorial', 'jangle', 'day', 'simply']"
29.0,"['genre', 'would', 'pretardation', 'jump', 'funny']"
30.0,"['great', 'series', 'realistic', 'city', 'apocalipse']"
31.0,"['fire', 'robocop', 'teyon', 'antward', 'remaster']"
32.0,"['mother', 'nah', 'defecation', 'doom', 'sponge']"
33.0,"['gang', 'taylor', 'deathloop', 'jackie', 'sinistra']"
34.0,"['clicker', 'asura', 'gspot', 'censor', 'slidingontheoppsinspaceforcingthemtocreatemymegaspaceship']"
35.0,"['giant', 'hl', 'propaganda', 'mccaffrey', 'innit']"
36.0,"['reward', 'ccgs', 'build', 'reliant', 'deck']"
37.0,"['abandon', 'buy', 'audacity', 'eh', 'aid']"
38.0,"['addicted', 'purely', 'btec', 'dry', 'snowrunner']"
39.0,"['batman', 'bword', 'yeah', 'story', 'first']"
40.0,"['good', 'bore', 'recc', 'super', 'possession']"
41.0,"['pay', 'hussein', 'wheel', 'heck', 'swim']"
42.0,"['horror', 'resident', 'tyrant', 'complain', 'ethan']"
43.0,"['hour', 'overpriced', 'microwave', 'runner', 'amusing']"
44.0,"['monki', 'yo', 'iloveloud', 'kil', 'bdppyba']"
45.0,"['ye', 'posesse', 'border', 'maybe', 'awdeome']"
46.0,"['release', 'casual', 'animation', 'mechwarrior', 'boat']"
47.0,"['new', 'mood', 'select', 'siiiiiiiiiiiiiiiiiiiiim', 'uoi']"
48.0,"['scream', 'jumpscaresatleast', 'liberal', 'strawberry', 'max']"
49.0,"['card', 'defence', 'clonizer', 'mahjong', 'planet']"
50.0,"['spider', 'lovely', 'peppa', 'hq', 'night']"
51.0,"['sound', 'contender', 'twin', 'sun', 'regardless']"
52.0,"['audio', 'vegas', 'tolerable', 'act', 'rainbow']"
53.0,"['explanation', 'publish', 'reeeeally', 'treat', 'pod']"
54.0,"['dark', 'teater', 'fav', 'spill', 'breast']"
55.0,"['sale', 'efootball', 'quid', 'never', 'diablo']"
56.0,"['movie', 'genuinely', 'captivate', 'maxgorgeous', 'dyle']"
57.0,"['hunting', 'cotw', 'implementation', 'lolwat', 'dlcs']"
58.0,"['everybody', 'demos', 'rdr', 'aside', 'ready']"
59.0,"['evil', 'resident', 'boomer', 'content', 'row']"
60.0,"['patience', 'roguelike', 'tinker', 'skeleton', 'dissuade']"
61.0,"['roguelike', 'leaderboard', 'immensively', 'dredmor', 'excellent']"
62.0,"['review', 'milk', 'give', 'overwhelmingly', 'free']"
63.0,"['meta', 'hike', 'digital', 'boil', 'poor']"
64.0,"['excellent', 'start', 'adaptation', 'solid', 'time']"
65.0,"['male', 'aswell', 'pride', 'playedoverall', 'inject']"
66.0,"['simple', 'kumboom', 'long', 'relatable', 'ride']"
67.0,"['angry', 'certify', 'napalm', 'cute', 'hood']"
68.0,"['patch', 'ultralowbitrate', 'internally', 'keybind', 'monitor']"
69.0,"['short', 'ig', 'strangely', 'looksfeel', 'overstay']"
70.0,"['boss', 'roguelite', 'upgrade', 'minimise', 'barely']"
71.0,"['positive', 'positioning', 'eric', 'possdent', 'calm']"
72.0,"['position', 'fuck', 'positive', 'posse', 'posledn']"
73.0,"['pokemon', 'ltda', 'masterpiece', 'hexcell', 'slavs']"
74.0,"['chase', 'sourcemod', 'adult', 'knock', 'regret']"
75.0,"['spell', 'rank', 'generator', 'gain', 'component']"
76.0,"['place', 'actually', 'hitter', 'try', 'special']"
77.0,"['boring', 'asf', 'friend', 'meet', 'grindy']"
78.0,"['mission', 'blubbering', 'industrial', 'blood', 'absolution']"
79.0,"['war', 'uncanny', 'realm', 'turkish', 'accidentally']"
80.0,"['nostalgia', 'kick', 'upcoming', 'chopin', 'wheeeeeeeeeeeeeler']"
81.0,"['war', 'crunchyroll', 'treeman', 'chronoooooooo', 'oldtymey']"
82.0,"['battle', 'probably', 'ass', 'overpopulation', 'definition']"
83.0,"['name', 'border', 'eugenic', 'club', 'paper']"
84.0,"['click', 'chinese', 'battle', 'terribly', 'info']"
85.0,"['fix', 'keybinding', 'unintuitive', 'endeavor', 'schmaltzy']"
86.0,"['exile', 'button', 'warship', 'downright', 'bloated']"
87.0,"['scream', 'yr', 'handy', 'exeperience', 'upscaled']"
88.0,"['waste', 'unable', 'influential', 'roam', 'halflife']"
89.0,"['life', 'please', 'possdent', 'indication', 'nont']"
90.0,"['control', 'tutorialization', 'annoying', 'genericbore', 'aesthetic']"
91.0,"['control', 'horrible', 'linkapix', 'zoom', 'default']"
92.0,"['delete', 'shy', 'nft', 'buck', 'hike']"
93.0,"['comedy', 'heartbreaking', 'syfy', 'decentish', 'neighbor']"
94.0,"['music', 'bossrush', 'ori', 'rewardapproach', 'sweeping']"
95.0,"['sound', 'amazing', 'whether', 'sfxs', 'background']"
96.0,"['scene', 'gross', 'intrusive', 'apple', 'reusedchange']"
97.0,"['customer', 'jerusalem', 'chew', 'commit', 'training']"
98.0,"['snake', 'practically', 'vitas', 'myst', 'soothe']"
99.0,"['racism', 'remaked', 'ben', 'joyce', 'htf']"
100.0,"['position', 'well', 'postanowia', 'dope', 'positive']"
101.0,"['fight', 'downloadable', 'ascendancy', 'member', 'nell']"
102.0,"['bu', 'selfevident', 'heartwarming', 'daaaaaaaaaaaaaamnnnnnnnnnnnnnnn', 'thing']"
103.0,"['brilliance', 'freakin', 'thick', 'cleaning', 'witness']"
104.0,"['much', 'moment', 'find', 'bitesize', 'frustrating']"
105.0,"['ghost', 'ultracop', 'stressful', 'phasmophobic', 'ign']"
106.0,"['pretty', 'system', 'useless', 'manga', 'recommend']"
107.0,"['great', 'positiveneutral', 'bezos', 'aa', 'tale']"
108.0,"['come', 'love', 'nevermind', 'like', 'calm']"
109.0,"['incredible', 'og', 'helldiver', 'president', 'enough']"
110.0,"['great', 'portuguese', 'rly', 'try', 'hella']"
111.0,"['good', 'ready', 'posesse', 'possibly', 'title']"
112.0,"['bad', 'positioning', 'posledn', 'yea', 'aa']"
113.0,"['hit', 'consult', 'chaotic', 'ingot', 'coss']"
114.0,"['enemy', 'every', 'drag', 'range', 'civ']"
115.0,"['peter', 'sorse', 'brutal', 'choir', 'rep']"
116.0,"['beat', 'library', 'cuz', 'awhile', 'uninstall']"
117.0,"['game', 'like', 'druggie', 'pervert', 'decent']"
118.0,"['husband', 'next', 'nukem', 'das', 'zefira']"
119.0,"['pub', 'margeusbrownley', 'chronic', 'lovely', 'pregnant']"
120.0,"['baby', 'wield', 'rambo', 'never', 'frame']"
121.0,"['attack', 'spacing', 'pyre', 'tremendous', 'fangz']"
122.0,"['level', 'wanderer', 'mech', 'randomized', 'ritual']"
123.0,"['horror', 'salvato', 'starve', 'congratulation', 'ghostrunnin']"
124.0,"['horror', 'resident', 'franchise', 'granny', 'mini']"
125.0,"['dead', 'sneak', 'rise', 'franchise', 'zipline']"
126.0,"['loud', 'please', 'cherish', 'playd', 'buck']"
127.0,"['nise', 'whoosh', 'pp', 'duuuuuuuuuuuuuuuuuuuuuuuuuuuuuuuuuuuuuuuuuuuuuuuuuuuuuuuuuuuuuuudddddddddddddddddddddddddddddddddddddddddddddddddddddddddddddddddddddddddddddddddddde', 'haha']"
128.0,"['house', 'shadowhand', 'nearly', 'rosa', 'coggin']"
129.0,"['word', 'worth', 'switchup', 'course', 'gaming']"
130.0,"['scream', 'pesky', 'lootboxe', 'tolkien', 'polishing']"
131.0,"['game', 'mcpixel', 'wait', 'bad', 'nut']"
132.0,"['flavor', 'hehehe', 'claptrap', 'hmis', 'molest']"
133.0,"['hand', 'epic', 'smooooth', 'enemis', 'shoot']"
134.0,"['dad', 'starve', 'prologue', 'vast', 'backtracking']"
135.0,"['lord', 'abstract', 'strategy', 'cancer', 'roblox']"
136.0,"['future', 'fav', 'aslo', 'silently', 'lobby']"
137.0,"['shot', 'italy', 'tier', 'crew', 'hw']"
138.0,"['language', 'execute', 'mcs', 'obligatory', 'whoever']"
139.0,"['gem', 'kongregate', 'relaxing', 'alluring', 'misty']"
140.0,"['sexual', 'hella', 'sigmund', 'dm', 'adrian']"
141.0,"['gay', 'fever', 'today', 'eat', 'tf']"
142.0,"['love', 'chuchel', 'us', 'small', 'utter']"
143.0,"['steam', 'clicker', 'hire', 'dirt', 'rally']"
144.0,"['dad', 'pinballtype', 'completion', 'soon', 'proud']"
145.0,"['black', 'rip', 'throwback', 'playermodel', 'fck']"
146.0,"['piece', 'punishingly', 'hell', 'yeah', 'nightmarish']"
147.0,"['game', 'possdent', 'silly', 'even', 'posse']"
148.0,"['game', 'neat', 'perfec', 'grate', 'pikuniku']"
149.0,"['squad', 'warcrime', 'regularly', 'free', 'cheese']"
150.0,"['mod', 'rippoff', 'simulation', 'phasmophobia', 'downright']"
151.0,"['life', 'curse', 'van', 'cover', 'salim']"
152.0,"['mom', 'left', 'enact', 'noose', 'loop']"
153.0,"['rid', 'hot', 'bellic', 'recently', 'frustrating']"
154.0,"['mod', 'cost', 'beautifuluniquefunrelaxing', 'teamplay', 'loooooooooooooooooong']"
155.0,"['war', 'possibly', 'commit', 'dynamic', 'minority']"
156.0,"['last', 'shooter', 'among', 'easily', 'female']"
157.0,"['title', 'frill', 'aggressively', 'looter', 'sandbox']"
158.0,"['fight', 'ultrawide', 'indonesian', 'unironically', 'freeman']"
159.0,"['explosion', 'headpat', 'bruv', 'potionsellermp', 'shoe']"
160.0,"['loud', 'lander', 'pixiv', 'armageddon', 'slur']"
161.0,"['inside', 'soo', 'season', 'leon', 'quick']"
162.0,"['soul', 'practice', 'peak', 'tomato', 'trust']"
163.0,"['boring', 'super', 'might', 'plot', 'consume']"
164.0,"['car', 'cyberdick', 'thank', 'stronk', 'positional']"
165.0,"['name', 'goodness', 'ectoplasm', 'grass', 'fracture']"
166.0,"['gun', 'tycoon', 'biased', 'spiritual', 'shakespeare']"
167.0,"['donkey', 'narwhal', 'ft', 'soil', 'edgy']"
168.0,"['cheese', 'crane', 'gi', 'bob', 'wolf']"
169.0,"['heat', 'hm', 'neverwinter', 'inexpensive', 'nfs']"
170.0,"['community', 'surgeryd', 'bah', 'battlefield', 'iq']"
171.0,"['time', 'molest', 'enix', 'cofee', 'publish']"
172.0,"['kill', 'hehe', 'northstar', 'whisky', 'must']"
173.0,"['kill', 'standoff', 'yankees', 'cheeki', 'circumsise']"
174.0,"['film', 'rip', 'martin', 'gtao', 'pointless']"
175.0,"['something', 'awesome', 'cuz', 'pley', 'moment']"
176.0,"['beat', 'minsc', 'idleclicker', 'nuff', 'reflection']"
177.0,"['life', 'dank', 'pedestrian', 'ngl', 'fry']"
178.0,"['puzzle', 'minimalist', 'excellent', 'relax', 'remake']"
179.0,"['parent', 'gabagol', 'ptsd', 'untill', 'filter']"
180.0,"['doin', 'physic', 'luke', 'offroad', 'anger']"
181.0,"['sexually', 'might', 'hemorrhoid', 'clenching', 'collect']"
182.0,"['los', 'overwatch', 'cringy', 'cancer', 'prepare']"
183.0,"['game', 'forbid', 'sm', 'homeless', 'harry']"
184.0,"['quick', 'heart', 'shettt', 'replay', 'hangover']"
185.0,"['hurt', 'glorious', 'ahhhhhhhhhh', 'supressor', 'unarguably']"
186.0,"['hurt', 'grease', 'sleep', 'mvp', 'split']"
187.0,"['fantastic', 'game', 'millisecond', 'possibly', 'chartin']"
188.0,"['hot', 'taxis', 'except', 'sand', 'unrealistic']"
189.0,"['game', 'amazing', 'hardddddddddddddddddddd', 'frank', 'grandperent']"
190.0,"['good', 'edgy', 'spot', 'year', 'loot']"
191.0,"['gun', 'chart', 'etternas', 'terraforming', 'kd']"
192.0,"['release', 'fushigi', 'cringey', 'rayman', 'borderland']"
193.0,"['kojima', 'pc', 'ultraviolence', 'raiden', 'mick']"
194.0,"['weapon', 'race', 'domina', 'recruit', 'repair']"
195.0,"['version', 'bethesda', 'worm', 'store', 'gfwl']"
196.0,"['defense', 'neat', 'xcom', 'elsewhere', 'coop']"
197.0,"['deck', 'ripoff', 'slay', 'version', 'defense']"
198.0,"['enhanced', 'telltale', 'blacklist', 'jorji', 'passport']"
199.0,"['solid', 'annoy', 'crouchjumpe', 'steal', 'doom']"
200.0,"['shooter', 'heemeyers', 'wish', 'sociopathic', 'tiring']"
201.0,"['steam', 'ctrlaltdelete', 'offend', 'consistent', 'usa']"
202.0,"['love', 'giant', 'pixelart', 'style', 'lika']"
203.0,"['war', 'slide', 'ward', 'considerably', 'valheim']"
204.0,"['overhauled', 'human', 'sandbox', 'followup', 'modern']"
205.0,"['delight', 'mmorpg', 'bt', 'lurk', 'gimme']"
206.0,"['car', 'strengthen', 'phonetablettactile', 'bearable', 'battleground']"
207.0,"['game', 'stability', 'avanti', 'stupid', 'gateway']"
208.0,"['bow', 'characterization', 'actionadventure', 'exile', 'strategerize']"
209.0,"['altered', 'capcock', 'classic', 'date', 'scroller']"
210.0,"['mic', 'adamant', 'diversion', 'second', 'netcode']"
211.0,"['ro', 'httpswwwtickcountercomcountdownbetalith', 'lawn', 'thieving', 'paly']"
212.0,"['shoot', 'kane', 'fatshark', 'despite', 'stair']"
213.0,"['edit', 'aquila', 'degradation', 'insomniac', 'litteraly']"
214.0,"['puzzle', 'us', 'gunthro', 'declare', 'lugo']"
215.0,"['game', 'see', 'make', 'unit', 'map']"
216.0,"['server', 'unlucky', 'fat', 'httpsstoresteampoweredcomappdragonfangztherosedungeonoftime', 'lock']"
217.0,"['sex', 'todd', 'preorder', 'unfortunetly', 'international']"
218.0,"['connection', 'ubisoft', 'itme', 'lknadsoasdonadoiaasda', 'lose']"
219.0,"['edit', 'exportimport', 'tomfoolery', 'fraction', 'deprived']"
220.0,"['update', 'theft', 'optimization', 'match', 'rockstar']"
221.0,"['modification', 'latency', 'optimizedimprove', 'snoop', 'tes']"
222.0,"['adaptation', 'everybody', 'stutter', 'facto', 'ip']"
223.0,"['horror', 'resident', 'motion', 'thus', 'manmade']"
224.0,"['horror', 'fair', 'intend', 'keyboa', 'granny']"
225.0,"['valve', 'eeeh', 'hacker', 'audiobook', 'outskille']"
226.0,"['rt', 'disgusted', 'crash', 'french', 'overhate']"
227.0,"['crash', 'apologize', 'transition', 'magicka', 'dx']"
228.0,"['card', 'dramatically', 'draft', 'elsewhere', 'okay']"
229.0,"['mobile', 'china', 'pleased', 'numba', 'pure']"
230.0,"['making', 'adaptiation', 'access', 'gem', 'althoug']"
231.0,"['goodand', 'sheriff', 'motion', 'catalogue', 'faith']"
232.0,"['crash', 'httpssteamcommunitycomappdiscussion', 'childsplay', 'wonderfully', 'illtune']"
233.0,"['update', 'performance', 'mediumhigh', 'frame', 'boot']"
234.0,"['hack', 'microtransation', 'amusement', 'deliver', 'monaco']"
235.0,"['pw', 'flawed', 'worminfeste', 'corp', 'ahole']"
236.0,"['release', 'grappelinghooklike', 'philadelphia', 'mad', 'potential']"
237.0,"['incomplete', 'devs', 'disorganize', 'whine', 'bounce']"
238.0,"['account', 'antiisaacian', 'barely', 'piss', 'door']"
239.0,"['character', 'also', 'capitalism', 'jrpg', 'deny']"
240.0,"['card', 'dethrone', 'developer', 'burgeon', 'wellbalance']"
241.0,"['deck', 'agentplacement', 'lord', 'acquire', 'offline']"
242.0,"['battle', 'coxs', 'check', 'faeria', 'ruin']"
243.0,"['kanji', 'topten', 'prohibitive', 'learner', 'underdog']"
244.0,"['deck', 'clever', 'dice', 'rockpaperscissor', 'follower']"
245.0,"['english', 'incomprehensible', 'mtx', 'cakeb', 'lighting']"
246.0,"['sound', 'gamblefront', 'twitchyoutuber', 'koreans', 'spyro']"
247.0,"['flash', 'whitewashed', 'yakuzza', 'bother', 'tmnt']"
248.0,"['weapon', 'roguelike', 'run', 'floor', 'unfun']"
249.0,"['choose', 'eveythe', 'increase', 'nonfight', 'greatnot']"
250.0,"['card', 'outcome', 'generator', 'minigolf', 'duelyst']"
251.0,"['deck', 'semirandomize', 'searchfilter', 'poorlytime', 'nativespeaker']"
252.0,"['deck', 'together', 'hsbg', 'draw', 'monster']"
253.0,"['card', 'irresistibly', 'winitall', 'twocharacter', 'variety']"
254.0,"['ingenious', 'crytek', 'mugger', 'bc', 'rainbow']"
255.0,"['jack', 'sidequest', 'borderland', 'hahaha', 'suggest']"
256.0,"['game', 'smooth', 'absolutely', 'fuck', 'uninspired']"
257.0,"['mystery', 'guarantee', 'teach', 'hard', 'increasingly']"
258.0,"['murder', 'nonetheless', 'arthur', 'underrated', 'excite']"
259.0,"['alien', 'blacklist', 'content', 'jrpg', 'nbi']"
260.0,"['substract', 'surprised', 'gardening', 'multiplayer', 'finishing']"
261.0,"['scene', 'skidding', 'tiger', 'playerplayer', 'offset']"
262.0,"['jc', 'classical', 'mmos', 'argue', 'roughly']"
263.0,"['rocket', 'mercifully', 'explain', 'insectlike', 'alwaysonline']"
264.0,"['game', 'crap', 'mspaint', 'anno', 'jalopy']"
265.0,"['champion', 'lookssound', 'loot', 'heretic', 'shootkill']"
266.0,"['host', 'tile', 'campaign', 'wait', 'europe']"
267.0,"['deluxe', 'society', 'beatem', 'rally', 'userincompatible']"
268.0,"['group', 'monumentally', 'scorch', 'street', 'alot']"
269.0,"['weapon', 'amdnividia', 'illegitimate', 'eula', 'borderland']"
270.0,"['scene', 'bisexual', 'abrutly', 'leave', 'yoko']"
271.0,"['fight', 'unnecessarily', 'search', 'angle', 'rerun']"
272.0,"['science', 'unlock', 'tutorial', 'collapse', 'architect']"
273.0,"['windowed', 'nihilumbra', 'constraint', 'httpsstoresteampoweredcomapptreasurehunterclaire', 'section']"
274.0,"['game', 'incredibly', 'merrily', 'inform', 'feel']"
275.0,"['game', 'shaolin', 'espionage', 'really', 'turkish']"
276.0,"['character', 'popup', 'fortnite', 'nobrainer', 'performing']"
277.0,"['skin', 'certainly', 'physics', 'playthrough', 'tps']"
278.0,"['game', 'edgy', 'okami', 'ps', 'axe']"
279.0,"['reference', 'lead', 'overly', 'shtty', 'ba']"
280.0,"['warlord', 'sneaking', 'noncringeworthy', 'rdperson', 'inspired']"
281.0,"['weapon', 'brainless', 'quicktoplay', 'uboot', 'darkgritty']"
282.0,"['remastereda', 'mystery', 'therethey', 'except', 'chracter']"
283.0,"['option', 'blinding', 'similiar', 'boringto', 'framecap']"
284.0,"['color', 'indeed', 'dumbed', 'cocnlusion', 'rebel']"
285.0,"['ai', 'philodoophy', 'discount', 'daily', 'mashup']"
286.0,"['kill', 'density', 'commando', 'fireteam', 'starting']"
287.0,"['level', 'fuck', 'tekken', 'undo', 'park']"
288.0,"['puzzle', 'youtube', 'newold', 'diverse', 'disappointing']"
289.0,"['outstanding', 'beginner', 'illogical', 'yet', 'gmaes']"
290.0,"['puzzle', 'appreciate', 'andor', 'involve', 'relatively']"
291.0,"['character', 'artalthough', 'please', 'memoria', 'shardlight']"
292.0,"['puzzle', 'absolutly', 'hll', 'shortly', 'escape']"
293.0,"['simple', 'platformer', 'mindless', 'eroge', 'game']"
294.0,"['together', 'punishement', 'wrong', 'holmes', 'morning']"
295.0,"['mystery', 'deckbuilde', 'evern', 'embed', 'element']"
296.0,"['gameplay', 'wonderful', 'british', 'retell', 'story']"
297.0,"['piece', 'storytelle', 'funny', 'occassion', 'maya']"
298.0,"['character', 'outlast', 'let', 'mafia', 'running']"
299.0,"['enemy', 'different', 'chest', 'orc', 'task']"
300.0,"['ball', 'tileplacement', 'unlucky', 'dcg', 'vertically']"
301.0,"['game', 'also', 'generic', 'kohan', 'newcomer']"
302.0,"['answer', 'routine', 'institution', 'bob', 'wedding']"
303.0,"['weapon', 'happen', 'ukranian', 'oozi', 'also']"
304.0,"['battle', 'vibe', 'bg', 'iron', 'verdun']"
305.0,"['job', 'battlefield', 'bonelab', 'thrilling', 'predecessor']"
306.0,"['team', 'predesignate', 'background', 'insane', 'healththen']"
307.0,"['dialogue', 'mistake', 'fairy', 'pose', 'opening']"
308.0,"['game', 'juarez', 'outer', 'philosophy', 'heavy']"
309.0,"['game', 'linearity', 'nordic', 'advisor', 'stiff']"
310.0,"['graphic', 'anyday', 'painless', 'hedgehog', 'bromance']"
311.0,"['game', 'voice', 'sar', 'wellbalance', 'rash']"
312.0,"['package', 'summon', 'interferance', 'wen', 'trainer']"
313.0,"['drug', 'indy', 'overloaded', 'himselfthen', 'collectively']"
314.0,"['encounter', 'silly', 'alteringly', 'ton', 'fappable']"
315.0,"['enemy', 'total', 'scrounge', 'tw', 'lorenarrative']"
316.0,"['boss', 'ie', 'nano', 'entirely', 'portal']"
317.0,"['rule', 'avada', 'concentrated', 'syndrome', 'purposefully']"
318.0,"['player', 'counterstrikesiegekind', 'jankiness', 'expectation', 'lookout']"
319.0,"['quash', 'configuration', 'monopoly', 'layer', 'numerous']"
320.0,"['movie', 'sense', 'writing', 'bl', 'kenny']"
321.0,"['angry', 'dd', 'buildyourownvehicle', 'border', 'lite']"
322.0,"['fail', 'unfun', 'upgradesetc', 'contemporary', 'claymation']"
323.0,"['creature', 'blackwell', 'barotrauma', 'nicety', 'vibe']"
324.0,"['color', 'quake', 'th', 'shotgun', 'failure']"
325.0,"['character', 'dialog', 'would', 'spin', 'unlikeable']"
326.0,"['cry', 'combatwhile', 'serial', 'observation', 'yetis']"
327.0,"['character', 'nonary', 'parkour', 'unusual', 'far']"
328.0,"['game', 'yep', 'sense', 'mass', 'hitman']"
329.0,"['game', 'disappoint', 'impossible', 'scifi', 'hide']"
330.0,"['mystery', 'decent', 'might', 'revolution', 'child']"
331.0,"['boardgame', 'procedually', 'bug', 'resp', 'session']"
332.0,"['wall', 'shrug', 'replaybility', 'pve', 'degree']"
333.0,"['gear', 'baker', 'backgroundlore', 'respecce', 'soulslike']"
334.0,"['character', 'building', 'fleet', 'xcom', 'bandit']"
335.0,"['akward', 'cost', 'hrm', 'problemsmediocre', 'blurri']"
336.0,"['appearance', 'uninstalle', 'pathetic', 'kino', 'map']"
337.0,"['dragon', 'ammount', 'degenerate', 'corner', 'enter']"
338.0,"['investigation', 'slowpaced', 'organnic', 'guitar', 'cohesive']"
339.0,"['specific', 'intrude', 'silently', 'lowquality', 'baba']"
340.0,"['space', 'zachtronic', 'guide', 'gunshot', 'program']"
341.0,"['shoot', 'freetoplay', 'automate', 'packaging', 'exam']"
342.0,"['ballse', 'arthritis', 'intend', 'glaringly', 'dusker']"
343.0,"['weapon', 'eligible', 'spawning', 'last', 'refund']"
344.0,"['mission', 'listreport', 'lack', 'already', 'resource']"
345.0,"['game', 'require', 'xcom', 'much', 'repetitive']"
346.0,"['grill', 'especialy', 'managementownership', 'quickselect', 'addictingbut']"
347.0,"['pairing', 'trebuchet', 'filtering', 'storage', 'require']"
348.0,"['game', 'colossus', 'absurdly', 'isint', 'wolfenstein']"
349.0,"['level', 'reasonable', 'agtp', 'activision', 'seiously']"
350.0,"['witch', 'ace', 'metroidvania', 'reflex', 'definetly']"
351.0,"['game', 'didactic', 'definitely', 'metroidvania', 'evenicle']"
352.0,"['simcity', 'keys', 'minmaxing', 'barony', 'warband']"
353.0,"['song', 'hypercomplex', 'fuede', 'owens', 'probably']"
354.0,"['quest', 'shabby', 'semistupid', 'perhaps', 'inexistent']"
355.0,"['game', 'interesting', 'stocking', 'decent', 'rome']"
356.0,"['stuff', 'dettache', 'premature', 'rpgopen', 'limb']"
357.0,"['game', 'editor', 'sanctus', 'also', 'extreme']"
358.0,"['style', 'programmer', 'tetris', 'enlightening', 'thor']"
359.0,"['production', 'annoyance', 'explore', 'paytowin', 'synergy']"
360.0,"['encounter', 'costbenefit', 'fighterroguemagecleric', 'station', 'hexgrid']"
361.0,"['road', 'survivorslike', 'component', 'tech', 'upgrade']"
362.0,"['character', 'allrounder', 'koala', 'myz', 'bug']"
363.0,"['game', 'michonne', 'cuz', 'decent', 'listen']"
364.0,"['production', 'interested', 'storm', 'survive', 'method']"
365.0,"['character', 'borderland', 'fucking', 'principle', 'mrate']"
366.0,"['character', 'nauseum', 'throughout', 'polished', 'bridge']"
367.0,"['choose', 'sitandwait', 'compendium', 'building', 'ucke']"
368.0,"['building', 'different', 'xcom', 'diplomacy', 'banish']"
